row_id,Exp_Name,LLA,Interval_Timestamp,Packet_Arrival_Time,Mac_Address,TimeBucket,Owner,Exp_ID,Exp_Location,Label,Label_Options,Location,RFID,Coordinates_X,Coordinates_Y,Coordinates_Z,Packet_Order_In_LLA_Interval,Packet_Order_Global_Interval,Packet_Count_3min,Source
072cb781-2e37-4c51-a23d-2cfa8cb7f42a,"=""Foo""","=""fd002124b001665b700""","=""2026-03-20 19:48:00""","=""2026-03-20 19:47:26.393""","=""d83adde260d1""",202603201948,f4dv2,2,"","",[],1,"",0.0,0.0,0.0,1,7,1,flash_buffer
30508c40-62af-44f7-90f6-bc6f0cfb7e35,"=""Foo""","=""fd002124b001665e500""","=""2026-03-20 19:48:00""","=""2026-03-20 19:47:57.672""","=""d83adde260d1""",202603201948,f4dv2,2,"","",[],2,"",0.0,0.0,0.0,1,10,1,flash_buffer
4d8fc357-d2f6-42ac-b027-be6dfc3d3a55,"=""Foo""","=""fd002124b00d6b2703""","=""2026-03-20 19:48:00""","=""2026-03-20 19:47:42.033""","=""d83adde260d1""",202603201948,f4dv2,2,"","",[],3,"",0.0,0.0,0.0,1,8,1,flash_buffer
0fd49b15-cf1a-4489-8427-1498312c63a0,"=""Foo""","=""fd002124b00f25c485""","=""2026-03-20 19:48:00""","=""2026-03-20 19:47:17.552""","=""d83adde260d1""",202603201948,f4dv2,2,"","",[],4,"",0.0,0.0,0.0,1,4,1,flash_buffer
854b4024-fe48-4756-bdb1-e30fe7c57cc7,"=""Foo""","=""fd002124b00f27d406""","=""2026-03-20 19:48:00""","=""2026-03-20 19:47:11.093""","=""d83adde260d1""",202603201948,f4dv2,2,"","",[],5,"",0.0,0.0,0.0,1,3,1,flash_buffer
73ba8a19-80b8-4f75-926a-a264486e7333,"=""penman""","=""fd002124b001204bd42""","=""2026-03-20 19:48:00""","=""2026-03-20 19:47:45.433""","=""d83adde260d1""",202603201948,f4dv2,1,"","",[],1,"",0.0,0.0,0.0,1,9,1,flash_buffer
535fa252-42f3-48d3-904e-bb674b02d79a,"=""penman""","=""fd002124b0012052a4f""","=""2026-03-20 19:48:00""","=""2026-03-20 19:47:07.523""","=""d83adde260d1""",202603201948,f4dv2,1,"","",[],2,"",0.0,0.0,0.0,1,2,1,flash_buffer
2ca70ba1-47d5-4763-834d-1836e1ebdc82,"=""penman""","=""fd002124b0012053108""","=""2026-03-20 19:48:00""","=""2026-03-20 19:47:17.893""","=""d83adde260d1""",202603201948,f4dv2,1,"","",[],3,"",0.0,0.0,0.0,1,5,1,flash_buffer
c8d1c452-4d3b-4872-aafa-4bbda7bbe763,"=""penman""","=""fd002124b0013246e01""","=""2026-03-20 19:48:00""","=""2026-03-20 19:47:01.573""","=""d83adde260d1""",202603201948,f4dv2,1,"","",[],4,"",0.0,0.0,0.0,1,1,1,flash_buffer
6a8c3e72-9fd7-4cab-9770-79c6f615c3e8,"=""penman""","=""fd002124b001324ff85""","=""2026-03-20 19:48:00""","=""2026-03-20 19:47:23.503""","=""d83adde260d1""",202603201948,f4dv2,1,"","",[],5,"",0.0,0.0,0.0,1,6,1,flash_buffer
1ee868f4-803e-4546-99e4-ee568e55899a,"=""Foo""","=""fd002124b001665b700""","=""2026-03-20 19:51:00""","=""2026-03-20 19:48:36.432""","=""d83adde260d1""",202603201951,f4dv2,2,"","",[],1,"",0.0,0.0,0.0,1,7,3,flash_buffer
e4317924-cdb0-4b6d-abcd-de9bf641a9ad,"=""Foo""","=""fd002124b001665b700""","=""2026-03-20 19:51:00""","=""2026-03-20 19:49:47.322""","=""d83adde260d1""",202603201951,f4dv2,2,"","",[],1,"",0.0,0.0,0.0,2,17,3,flash_buffer
137426a3-2389-4202-b486-e285aa6685e6,"=""Foo""","=""fd002124b001665b700""","=""2026-03-20 19:51:00""","=""2026-03-20 19:50:55.831""","=""d83adde260d1""",202603201951,f4dv2,2,"","",[],1,"",0.0,0.0,0.0,3,27,3,flash_buffer
7b8bf42c-370b-4986-b4ed-226b59fc337c,"=""Foo""","=""fd002124b001665e500""","=""2026-03-20 19:51:00""","=""2026-03-20 19:48:56.152""","=""d83adde260d1""",202603201951,f4dv2,2,"","",[],2,"",0.0,0.0,0.0,1,10,2,flash_buffer
5db6857e-46da-4909-8453-0bf80ffa68d0,"=""Foo""","=""fd002124b001665e500""","=""2026-03-20 19:51:00""","=""2026-03-20 19:50:05.682""","=""d83adde260d1""",202603201951,f4dv2,2,"","",[],2,"",0.0,0.0,0.0,2,21,2,flash_buffer
79e1120f-4f6f-49a5-9d6d-2eaf14965437,"=""Foo""","=""fd002124b00d6b2703""","=""2026-03-20 19:51:00""","=""2026-03-20 19:48:44.082""","=""d83adde260d1""",202603201951,f4dv2,2,"","",[],3,"",0.0,0.0,0.0,1,8,2,flash_buffer
8eb45901-62d2-4ee9-ade0-0ad53ba7333a,"=""Foo""","=""fd002124b00d6b2703""","=""2026-03-20 19:51:00""","=""2026-03-20 19:49:54.461""","=""d83adde260d1""",202603201951,f4dv2,2,"","",[],3,"",0.0,0.0,0.0,2,18,2,flash_buffer
e8ac1ee9-cebe-41ee-b418-75181d893b5e,"=""Foo""","=""fd002124b00f25c485""","=""2026-03-20 19:51:00""","=""2026-03-20 19:48:27.422""","=""d83adde260d1""",202603201951,f4dv2,2,"","",[],4,"",0.0,0.0,0.0,1,5,3,flash_buffer
1cc585b6-506a-482a-b144-bbcb44f5b33f,"=""Foo""","=""fd002124b00f25c485""","=""2026-03-20 19:51:00""","=""2026-03-20 19:49:26.757""","=""d83adde260d1""",202603201951,f4dv2,2,"","",[],4,"",0.0,0.0,0.0,2,14,3,flash_buffer
5490ea7e-4458-4742-891a-8c9cb026ace8,"=""Foo""","=""fd002124b00f25c485""","=""2026-03-20 19:51:00""","=""2026-03-20 19:50:34.581""","=""d83adde260d1""",202603201951,f4dv2,2,"","",[],4,"",0.0,0.0,0.0,3,25,3,flash_buffer
3a9f0c8d-16a8-4cd4-ad07-d48ba18ed3c2,"=""Foo""","=""fd002124b00f27d406""","=""2026-03-20 19:51:00""","=""2026-03-20 19:48:09.742""","=""d83adde260d1""",202603201951,f4dv2,2,"","",[],5,"",0.0,0.0,0.0,1,2,3,flash_buffer
a2f57625-438b-4ccb-8e26-8eb89f52d158,"=""Foo""","=""fd002124b00f27d406""","=""2026-03-20 19:51:00""","=""2026-03-20 19:49:07.372""","=""d83adde260d1""",202603201951,f4dv2,2,"","",[],5,"",0.0,0.0,0.0,2,11,3,flash_buffer
e17a630e-500e-426a-9169-78d8fd935056,"=""Foo""","=""fd002124b00f27d406""","=""2026-03-20 19:51:00""","=""2026-03-20 19:50:04.832""","=""d83adde260d1""",202603201951,f4dv2,2,"","",[],5,"",0.0,0.0,0.0,3,20,3,flash_buffer
29091e58-acbc-4882-a671-8c7c852a6999,"=""penman""","=""fd002124b001204bd42""","=""2026-03-20 19:51:00""","=""2026-03-20 19:48:46.632""","=""d83adde260d1""",202603201951,f4dv2,1,"","",[],1,"",0.0,0.0,0.0,1,9,2,flash_buffer
2b827f78-4427-4495-9b55-f30c19e7487d,"=""penman""","=""fd002124b001204bd42""","=""2026-03-20 19:51:00""","=""2026-03-20 19:49:57.181""","=""d83adde260d1""",202603201951,f4dv2,1,"","",[],1,"",0.0,0.0,0.0,2,19,2,flash_buffer
14ffd989-a71d-4e86-a02d-7411df647db8,"=""penman""","=""fd002124b0012052a4f""","=""2026-03-20 19:51:00""","=""2026-03-20 19:48:13.313""","=""d83adde260d1""",202603201951,f4dv2,1,"","",[],2,"",0.0,0.0,0.0,1,3,3,flash_buffer
4e1768db-9ba4-419d-88c8-a649f1c87e30,"=""penman""","=""fd002124b0012052a4f""","=""2026-03-20 19:51:00""","=""2026-03-20 19:49:17.741""","=""d83adde260d1""",202603201951,f4dv2,1,"","",[],2,"",0.0,0.0,0.0,2,13,3,flash_buffer
234ed43b-d237-4c90-96d8-8872bbc84690,"=""penman""","=""fd002124b0012052a4f""","=""2026-03-20 19:51:00""","=""2026-03-20 19:50:28.465""","=""d83adde260d1""",202603201951,f4dv2,1,"","",[],2,"",0.0,0.0,0.0,3,23,3,flash_buffer
9b026aff-86ea-45d2-8177-e6b4ca415490,"=""penman""","=""fd002124b0012053108""","=""2026-03-20 19:51:00""","=""2026-03-20 19:48:27.762""","=""d83adde260d1""",202603201951,f4dv2,1,"","",[],3,"",0.0,0.0,0.0,1,6,3,flash_buffer
7b550e61-38ee-44dc-a50c-04f09dc4db06,"=""penman""","=""fd002124b0012053108""","=""2026-03-20 19:51:00""","=""2026-03-20 19:49:28.962""","=""d83adde260d1""",202603201951,f4dv2,1,"","",[],3,"",0.0,0.0,0.0,2,15,3,flash_buffer
0050c884-eed0-4324-aa7d-8d4f79275434,"=""penman""","=""fd002124b0012053108""","=""2026-03-20 19:51:00""","=""2026-03-20 19:50:39.682""","=""d83adde260d1""",202603201951,f4dv2,1,"","",[],3,"",0.0,0.0,0.0,3,26,3,flash_buffer
45583317-3775-42ac-b2ac-c16b69dc4af4,"=""penman""","=""fd002124b0013246e01""","=""2026-03-20 19:51:00""","=""2026-03-20 19:48:06.852""","=""d83adde260d1""",202603201951,f4dv2,1,"","",[],4,"",0.0,0.0,0.0,1,1,3,flash_buffer
c8466dfa-9de3-4a4f-be79-0ba752938184,"=""penman""","=""fd002124b0013246e01""","=""2026-03-20 19:51:00""","=""2026-03-20 19:49:17.402""","=""d83adde260d1""",202603201951,f4dv2,1,"","",[],4,"",0.0,0.0,0.0,2,12,3,flash_buffer
43fac5fe-b6ca-4fef-9c23-43bf26902648,"=""penman""","=""fd002124b0013246e01""","=""2026-03-20 19:51:00""","=""2026-03-20 19:50:16.731""","=""d83adde260d1""",202603201951,f4dv2,1,"","",[],4,"",0.0,0.0,0.0,3,22,3,flash_buffer
d82f86e6-6d87-4379-9d63-5768a14defea,"=""penman""","=""fd002124b001324ff85""","=""2026-03-20 19:51:00""","=""2026-03-20 19:48:20.793""","=""d83adde260d1""",202603201951,f4dv2,1,"","",[],5,"",0.0,0.0,0.0,1,4,3,flash_buffer
c3588c6c-c13b-40ca-88dd-866385a33f89,"=""penman""","=""fd002124b001324ff85""","=""2026-03-20 19:51:00""","=""2026-03-20 19:49:29.642""","=""d83adde260d1""",202603201951,f4dv2,1,"","",[],5,"",0.0,0.0,0.0,2,16,3,flash_buffer
6f415585-cc22-45cb-8f8c-c135e83c14d4,"=""penman""","=""fd002124b001324ff85""","=""2026-03-20 19:51:00""","=""2026-03-20 19:50:28.971""","=""d83adde260d1""",202603201951,f4dv2,1,"","",[],5,"",0.0,0.0,0.0,3,24,3,flash_buffer
76c63881-5063-4952-8ef4-9616fa082a66,"=""Foo""","=""fd002124b00f25c485""","=""2026-03-20 19:54:00""","=""2026-03-20 19:53:54.67""","=""d83adde260d1""",202603201954,f4dv2,2,"","",[],4,"",0.0,0.0,0.0,1,3,1,flash_buffer
ec717099-dce7-4f79-b6e3-97c27c7905e1,"=""penman""","=""fd002124b0012053108""","=""2026-03-20 19:54:00""","=""2026-03-20 19:53:54.33""","=""d83adde260d1""",202603201954,f4dv2,1,"","",[],3,"",0.0,0.0,0.0,1,2,1,flash_buffer
317b61d4-b0c8-42f4-953c-ee3ecb741652,"=""penman""","=""fd002124b001324ff85""","=""2026-03-20 19:54:00""","=""2026-03-20 19:53:48.723""","=""d83adde260d1""",202603201954,f4dv2,1,"","",[],5,"",0.0,0.0,0.0,1,1,1,flash_buffer
63ce5558-33d4-4e68-be34-9ff7ec5691ed,"=""Foo""","=""fd002124b001665b700""","=""2026-03-20 19:57:00""","=""2026-03-20 19:55:13.38""","=""d83adde260d1""",202603201957,f4dv2,2,"","",[],1,"",0.0,0.0,0.0,1,1,2,flash_buffer
1c830316-2f3d-4d73-a8f9-492add6595a5,"=""Foo""","=""fd002124b001665b700""","=""2026-03-20 19:57:00""","=""2026-03-20 19:56:13.73""","=""d83adde260d1""",202603201957,f4dv2,2,"","",[],1,"",0.0,0.0,0.0,2,11,2,flash_buffer
9b995d5f-b98f-4032-a535-1f727b24f989,"=""Foo""","=""fd002124b001665e500""","=""2026-03-20 19:57:00""","=""2026-03-20 19:55:44.663""","=""d83adde260d1""",202603201957,f4dv2,2,"","",[],2,"",0.0,0.0,0.0,1,5,2,flash_buffer
e3f5dac8-013c-434d-899f-18e2a0e6e4fa,"=""Foo""","=""fd002124b001665e500""","=""2026-03-20 19:57:00""","=""2026-03-20 19:56:42.632""","=""d83adde260d1""",202603201957,f4dv2,2,"","",[],2,"",0.0,0.0,0.0,2,14,2,flash_buffer
e8c73d7d-4e05-4bb0-9fa3-917633c4dc63,"=""Foo""","=""fd002124b00d6b2703""","=""2026-03-20 19:57:00""","=""2026-03-20 19:55:19.16""","=""d83adde260d1""",202603201957,f4dv2,2,"","",[],3,"",0.0,0.0,0.0,1,2,2,flash_buffer
468c066c-2fda-4733-9fc0-6e88da518f44,"=""Foo""","=""fd002124b00d6b2703""","=""2026-03-20 19:57:00""","=""2026-03-20 19:56:30.559""","=""d83adde260d1""",202603201957,f4dv2,2,"","",[],3,"",0.0,0.0,0.0,2,12,2,flash_buffer
eda0e0af-6f81-4aae-af3e-65a9ffe54cf9,"=""Foo""","=""fd002124b00f25c485""","=""2026-03-20 19:57:00""","=""2026-03-20 19:56:01.659""","=""d83adde260d1""",202603201957,f4dv2,2,"","",[],4,"",0.0,0.0,0.0,1,10,1,flash_buffer
0abe3ba5-fb4c-4c1a-9cc6-48b41e718bc6,"=""Foo""","=""fd002124b00f27d406""","=""2026-03-20 19:57:00""","=""2026-03-20 19:55:48.062""","=""d83adde260d1""",202603201957,f4dv2,2,"","",[],5,"",0.0,0.0,0.0,1,7,2,flash_buffer
a9227415-03ea-4bc3-87d8-2969e66a2aad,"=""Foo""","=""fd002124b00f27d406""","=""2026-03-20 19:57:00""","=""2026-03-20 19:56:44.839""","=""d83adde260d1""",202603201957,f4dv2,2,"","",[],5,"",0.0,0.0,0.0,2,15,2,flash_buffer
a95898f3-f14c-4287-8cb7-976675066317,"=""penman""","=""fd002124b001204bd42""","=""2026-03-20 19:57:00""","=""2026-03-20 19:55:31.059""","=""d83adde260d1""",202603201957,f4dv2,1,"","",[],1,"",0.0,0.0,0.0,1,3,2,flash_buffer
f347b24a-88db-497a-9b5e-e695ece18535,"=""penman""","=""fd002124b001204bd42""","=""2026-03-20 19:57:00""","=""2026-03-20 19:56:38.549""","=""d83adde260d1""",202603201957,f4dv2,1,"","",[],1,"",0.0,0.0,0.0,2,13,2,flash_buffer
8567a0f7-6066-4ab7-bcd7-c2747663b16c,"=""penman""","=""fd002124b0012052a4f""","=""2026-03-20 19:57:00""","=""2026-03-20 19:55:45.17""","=""d83adde260d1""",202603201957,f4dv2,1,"","",[],2,"",0.0,0.0,0.0,1,6,2,flash_buffer
d1820fe0-d28d-455f-baad-02932e0b3f0a,"=""penman""","=""fd002124b0012052a4f""","=""2026-03-20 19:57:00""","=""2026-03-20 19:56:47.903""","=""d83adde260d1""",202603201957,f4dv2,1,"","",[],2,"",0.0,0.0,0.0,2,16,2,flash_buffer
45d54997-e5b9-4e41-9636-77cdf5de14e7,"=""penman""","=""fd002124b0012053108""","=""2026-03-20 19:57:00""","=""2026-03-20 19:56:01.15""","=""d83adde260d1""",202603201957,f4dv2,1,"","",[],3,"",0.0,0.0,0.0,1,9,1,flash_buffer
d6d23784-7b2e-4d89-a351-9a30a1af472c,"=""penman""","=""fd002124b0013246e01""","=""2026-03-20 19:57:00""","=""2026-03-20 19:55:44.319""","=""d83adde260d1""",202603201957,f4dv2,1,"","",[],4,"",0.0,0.0,0.0,1,4,2,flash_buffer
3095d3c3-fcb2-4cea-ac2e-ca8e3677f7ef,"=""penman""","=""fd002124b0013246e01""","=""2026-03-20 19:57:00""","=""2026-03-20 19:56:54.869""","=""d83adde260d1""",202603201957,f4dv2,1,"","",[],4,"",0.0,0.0,0.0,2,17,2,flash_buffer
0f8e5187-a211-40da-b905-0e46ba0cf721,"=""penman""","=""fd002124b001324ff85""","=""2026-03-20 19:57:00""","=""2026-03-20 19:55:53.332""","=""d83adde260d1""",202603201957,f4dv2,1,"","",[],5,"",0.0,0.0,0.0,1,8,1,flash_buffer
6ac9efd9-eb42-421e-be06-70c1a6e3ce62,"=""Foo""","=""fd002124b001665b700""","=""2026-03-20 20:00:00""","=""2026-03-20 19:59:19.878""","=""d83adde260d1""",202603202000,f4dv2,2,"","",[],1,"",0.0,0.0,0.0,1,5,1,flash_buffer
c7234eab-d504-4123-a989-50cf7ce7fdbd,"=""Foo""","=""fd002124b001665e500""","=""2026-03-20 20:00:00""","=""2026-03-20 19:59:58.978""","=""d83adde260d1""",202603202000,f4dv2,2,"","",[],2,"",0.0,0.0,0.0,1,9,1,flash_buffer
da96211f-5f0b-410e-b42a-e392ddcbea61,"=""Foo""","=""fd002124b00d6b2703""","=""2026-03-20 20:00:00""","=""2026-03-20 19:59:40.108""","=""d83adde260d1""",202603202000,f4dv2,2,"","",[],3,"",0.0,0.0,0.0,1,6,1,flash_buffer
3a6e6090-60f0-4abb-afbb-4c350a399fd0,"=""Foo""","=""fd002124b00f25c485""","=""2026-03-20 20:00:00""","=""2026-03-20 19:59:12.567""","=""d83adde260d1""",202603202000,f4dv2,2,"","",[],4,"",0.0,0.0,0.0,1,1,1,flash_buffer
d01a0897-f4ed-4ad9-9e81-7828cc079fc0,"=""Foo""","=""fd002124b00f27d406""","=""2026-03-20 20:00:00""","=""2026-03-20 19:59:51.497""","=""d83adde260d1""",202603202000,f4dv2,2,"","",[],5,"",0.0,0.0,0.0,1,7,1,flash_buffer
76bda9c9-39ee-4ef0-af31-333a7334fba5,"=""penman""","=""fd002124b0012052a4f""","=""2026-03-20 20:00:00""","=""2026-03-20 19:59:53.881""","=""d83adde260d1""",202603202000,f4dv2,1,"","",[],2,"",0.0,0.0,0.0,1,8,1,flash_buffer
ec1bf072-e7a7-4116-9387-3e5560a7eddb,"=""penman""","=""fd002124b0012053108""","=""2026-03-20 20:00:00""","=""2026-03-20 19:59:15.462""","=""d83adde260d1""",202603202000,f4dv2,1,"","",[],3,"",0.0,0.0,0.0,1,4,1,flash_buffer
ca7b2837-c483-4ee6-a60b-6711df1457df,"=""penman""","=""fd002124b0013246e01""","=""2026-03-20 20:00:00""","=""2026-03-20 19:59:13.247""","=""d83adde260d1""",202603202000,f4dv2,1,"","",[],4,"",0.0,0.0,0.0,1,3,1,flash_buffer
4bf40964-d0cf-4869-bd0f-671ae67f136c,"=""penman""","=""fd002124b001324ff85""","=""2026-03-20 20:00:00""","=""2026-03-20 19:59:12.737""","=""d83adde260d1""",202603202000,f4dv2,1,"","",[],5,"",0.0,0.0,0.0,1,2,1,flash_buffer
794e3c0c-0539-4b06-b4c1-e4984c9c8814,"=""Foo""","=""fd002124b001665b700""","=""2026-03-20 20:03:00""","=""2026-03-20 20:00:29.407""","=""d83adde260d1""",202603202003,f4dv2,2,"","",[],1,"",0.0,0.0,0.0,1,6,3,flash_buffer
2d7e9633-3212-42b1-b59a-3d7bb108c85d,"=""Foo""","=""fd002124b001665b700""","=""2026-03-20 20:03:00""","=""2026-03-20 20:01:26.867""","=""d83adde260d1""",202603202003,f4dv2,2,"","",[],1,"",0.0,0.0,0.0,2,15,3,flash_buffer
3830917f-6a0e-46bb-ae83-3d8d824213e2,"=""Foo""","=""fd002124b001665b700""","=""2026-03-20 20:03:00""","=""2026-03-20 20:02:38.607""","=""d83adde260d1""",202603202003,f4dv2,2,"","",[],1,"",0.0,0.0,0.0,3,26,3,flash_buffer
538e0557-c3ed-4a42-b929-9e36f5d9b5c0,"=""Foo""","=""fd002124b001665e500""","=""2026-03-20 20:03:00""","=""2026-03-20 20:01:10.547""","=""d83adde260d1""",202603202003,f4dv2,2,"","",[],2,"",0.0,0.0,0.0,1,11,2,flash_buffer
b3962e8d-2ae5-4733-a683-e70daad831b6,"=""Foo""","=""fd002124b001665e500""","=""2026-03-20 20:03:00""","=""2026-03-20 20:02:10.216""","=""d83adde260d1""",202603202003,f4dv2,2,"","",[],2,"",0.0,0.0,0.0,2,21,2,flash_buffer
9bbb4f55-b653-4c9e-acf0-f4152e5d5ad3,"=""Foo""","=""fd002124b00d6b2703""","=""2026-03-20 20:03:00""","=""2026-03-20 20:00:40.457""","=""d83adde260d1""",202603202003,f4dv2,2,"","",[],3,"",0.0,0.0,0.0,1,7,3,flash_buffer
943373d2-13d9-4a30-a0cd-1f957566c7f8,"=""Foo""","=""fd002124b00d6b2703""","=""2026-03-20 20:03:00""","=""2026-03-20 20:01:43.867""","=""d83adde260d1""",202603202003,f4dv2,2,"","",[],3,"",0.0,0.0,0.0,2,17,3,flash_buffer
33a96f3b-2676-4020-8b69-686905492f40,"=""Foo""","=""fd002124b00d6b2703""","=""2026-03-20 20:03:00""","=""2026-03-20 20:02:41.326""","=""d83adde260d1""",202603202003,f4dv2,2,"","",[],3,"",0.0,0.0,0.0,3,27,3,flash_buffer
a4c8c219-f0e1-492a-8903-eec3f9e3a2b4,"=""Foo""","=""fd002124b00f25c485""","=""2026-03-20 20:03:00""","=""2026-03-20 20:00:18.188""","=""d83adde260d1""",202603202003,f4dv2,2,"","",[],4,"",0.0,0.0,0.0,1,4,3,flash_buffer
956d1ca2-87a1-437f-8e1d-415b1115fed9,"=""Foo""","=""fd002124b00f25c485""","=""2026-03-20 20:03:00""","=""2026-03-20 20:01:29.077""","=""d83adde260d1""",202603202003,f4dv2,2,"","",[],4,"",0.0,0.0,0.0,2,16,3,flash_buffer
7d2850a3-a839-48a9-a911-c70eda5b6620,"=""Foo""","=""fd002124b00f25c485""","=""2026-03-20 20:03:00""","=""2026-03-20 20:02:27.386""","=""d83adde260d1""",202603202003,f4dv2,2,"","",[],4,"",0.0,0.0,0.0,3,24,3,flash_buffer
9c7c151d-dfb8-43af-b627-7758fbc55b1c,"=""Foo""","=""fd002124b00f27d406""","=""2026-03-20 20:03:00""","=""2026-03-20 20:00:51.507""","=""d83adde260d1""",202603202003,f4dv2,2,"","",[],5,"",0.0,0.0,0.0,1,8,2,flash_buffer
c1031792-e4a5-47f5-a479-b35e1e8a7a5b,"=""Foo""","=""fd002124b00f27d406""","=""2026-03-20 20:03:00""","=""2026-03-20 20:02:00.867""","=""d83adde260d1""",202603202003,f4dv2,2,"","",[],5,"",0.0,0.0,0.0,2,18,2,flash_buffer
a3989943-42eb-43f5-b8e5-c95aea4d32bc,"=""penman""","=""fd002124b001204bd42""","=""2026-03-20 20:03:00""","=""2026-03-20 20:00:01.358""","=""d83adde260d1""",202603202003,f4dv2,1,"","",[],1,"",0.0,0.0,0.0,1,1,3,flash_buffer
80d9440d-10f7-4977-8a2b-e5564a811664,"=""penman""","=""fd002124b001204bd42""","=""2026-03-20 20:03:00""","=""2026-03-20 20:00:59.497""","=""d83adde260d1""",202603202003,f4dv2,1,"","",[],1,"",0.0,0.0,0.0,2,10,3,flash_buffer
330d256a-3744-4bf0-90a7-0f1255d055dd,"=""penman""","=""fd002124b001204bd42""","=""2026-03-20 20:03:00""","=""2026-03-20 20:02:03.077""","=""d83adde260d1""",202603202003,f4dv2,1,"","",[],1,"",0.0,0.0,0.0,3,19,3,flash_buffer
182fcf02-03d4-49f0-b9ce-bd691d52ad5e,"=""penman""","=""fd002124b0012052a4f""","=""2026-03-20 20:03:00""","=""2026-03-20 20:00:54.738""","=""d83adde260d1""",202603202003,f4dv2,1,"","",[],2,"",0.0,0.0,0.0,1,9,2,flash_buffer
631cd6bd-42a2-41fc-89c2-68240b92c738,"=""penman""","=""fd002124b0012052a4f""","=""2026-03-20 20:03:00""","=""2026-03-20 20:02:05.63""","=""d83adde260d1""",202603202003,f4dv2,1,"","",[],2,"",0.0,0.0,0.0,2,20,2,flash_buffer
21c487f2-e3c1-488d-9d0a-f22004e510d5,"=""penman""","=""fd002124b0012053108""","=""2026-03-20 20:03:00""","=""2026-03-20 20:00:18.868""","=""d83adde260d1""",202603202003,f4dv2,1,"","",[],3,"",0.0,0.0,0.0,1,5,3,flash_buffer
d889ec35-0327-4607-bb8d-98a7f87023fe,"=""penman""","=""fd002124b0012053108""","=""2026-03-20 20:03:00""","=""2026-03-20 20:01:20.237""","=""d83adde260d1""",202603202003,f4dv2,1,"","",[],3,"",0.0,0.0,0.0,2,14,3,flash_buffer
0957bd3e-7bd3-4d49-85b4-f92245af9c7d,"=""penman""","=""fd002124b0012053108""","=""2026-03-20 20:03:00""","=""2026-03-20 20:02:27.726""","=""d83adde260d1""",202603202003,f4dv2,1,"","",[],3,"",0.0,0.0,0.0,3,25,3,flash_buffer
a8623a4c-aa4e-4d76-a7f3-d777e6df1468,"=""penman""","=""fd002124b0013246e01""","=""2026-03-20 20:03:00""","=""2026-03-20 20:00:11.897""","=""d83adde260d1""",202603202003,f4dv2,1,"","",[],4,"",0.0,0.0,0.0,1,2,3,flash_buffer
96d1b23c-8329-4f7c-95d5-b9eb964820c6,"=""penman""","=""fd002124b0013246e01""","=""2026-03-20 20:03:00""","=""2026-03-20 20:01:14.627""","=""d83adde260d1""",202603202003,f4dv2,1,"","",[],4,"",0.0,0.0,0.0,2,13,3,flash_buffer
fcad21e2-2ba1-4e16-9c28-93275546e727,"=""penman""","=""fd002124b0013246e01""","=""2026-03-20 20:03:00""","=""2026-03-20 20:02:16.17""","=""d83adde260d1""",202603202003,f4dv2,1,"","",[],4,"",0.0,0.0,0.0,3,23,3,flash_buffer
cbfae1b9-5525-4e7c-be87-fe0379cccce9,"=""penman""","=""fd002124b001324ff85""","=""2026-03-20 20:03:00""","=""2026-03-20 20:00:13.087""","=""d83adde260d1""",202603202003,f4dv2,1,"","",[],5,"",0.0,0.0,0.0,1,3,3,flash_buffer
806b9f68-25ae-4637-a6e1-2becf73e3a16,"=""penman""","=""fd002124b001324ff85""","=""2026-03-20 20:03:00""","=""2026-03-20 20:01:12.587""","=""d83adde260d1""",202603202003,f4dv2,1,"","",[],5,"",0.0,0.0,0.0,2,12,3,flash_buffer
aa028c23-2a93-4003-8b1f-f2832335d574,"=""penman""","=""fd002124b001324ff85""","=""2026-03-20 20:03:00""","=""2026-03-20 20:02:15.997""","=""d83adde260d1""",202603202003,f4dv2,1,"","",[],5,"",0.0,0.0,0.0,3,22,3,flash_buffer
d731edd8-5217-4bbc-83de-629cfe379a13,"=""Foo""","=""fd002124b001665b700""","=""2026-03-20 20:06:00""","=""2026-03-20 20:03:41.336""","=""d83adde260d1""",202603202006,f4dv2,2,"","",[],1,"",0.0,0.0,0.0,1,9,3,flash_buffer
d84b0dee-2069-4771-a830-87607c340870,"=""Foo""","=""fd002124b001665b700""","=""2026-03-20 20:06:00""","=""2026-03-20 20:04:41.006""","=""d83adde260d1""",202603202006,f4dv2,2,"","",[],1,"",0.0,0.0,0.0,2,19,3,flash_buffer
08ff13ef-4e42-486d-8009-0f6320cc94bf,"=""Foo""","=""fd002124b001665b700""","=""2026-03-20 20:06:00""","=""2026-03-20 20:05:51.555""","=""d83adde260d1""",202603202006,f4dv2,2,"","",[],1,"",0.0,0.0,0.0,3,29,3,flash_buffer
b4e139ab-2a79-4814-9765-04c7353da15a,"=""Foo""","=""fd002124b001665e500""","=""2026-03-20 20:06:00""","=""2026-03-20 20:03:21.106""","=""d83adde260d1""",202603202006,f4dv2,2,"","",[],2,"",0.0,0.0,0.0,1,4,3,flash_buffer
7eba8feb-91d7-4425-838b-bdcb846e1b7e,"=""Foo""","=""fd002124b001665e500""","=""2026-03-20 20:06:00""","=""2026-03-20 20:04:26.216""","=""d83adde260d1""",202603202006,f4dv2,2,"","",[],2,"",0.0,0.0,0.0,2,14,3,flash_buffer
c0e920b2-1e9a-4127-9d88-496d9eda0422,"=""Foo""","=""fd002124b001665e500""","=""2026-03-20 20:06:00""","=""2026-03-20 20:05:26.225""","=""d83adde260d1""",202603202006,f4dv2,2,"","",[],2,"",0.0,0.0,0.0,3,24,3,flash_buffer
f1eeda74-1a3e-4311-addd-462ba3605460,"=""Foo""","=""fd002124b00d6b2703""","=""2026-03-20 20:06:00""","=""2026-03-20 20:03:41.846""","=""d83adde260d1""",202603202006,f4dv2,2,"","",[],3,"",0.0,0.0,0.0,1,10,3,flash_buffer
bf136ca1-bbee-46b9-bd4a-9171de33fa52,"=""Foo""","=""fd002124b00d6b2703""","=""2026-03-20 20:06:00""","=""2026-03-20 20:04:52.055""","=""d83adde260d1""",202603202006,f4dv2,2,"","",[],3,"",0.0,0.0,0.0,2,20,3,flash_buffer
c603b9a2-ea17-463d-bb5a-391eca535448,"=""Foo""","=""fd002124b00d6b2703""","=""2026-03-20 20:06:00""","=""2026-03-20 20:05:58.865""","=""d83adde260d1""",202603202006,f4dv2,2,"","",[],3,"",0.0,0.0,0.0,3,30,3,flash_buffer
35e6446d-bd83-4eef-bf8c-58a6e25eb7e8,"=""Foo""","=""fd002124b00f25c485""","=""2026-03-20 20:06:00""","=""2026-03-20 20:03:30.286""","=""d83adde260d1""",202603202006,f4dv2,2,"","",[],4,"",0.0,0.0,0.0,1,8,3,flash_buffer
6644610e-9ddd-49b3-b7a2-79f071e63eca,"=""Foo""","=""fd002124b00f25c485""","=""2026-03-20 20:06:00""","=""2026-03-20 20:04:27.575""","=""d83adde260d1""",202603202006,f4dv2,2,"","",[],4,"",0.0,0.0,0.0,2,15,3,flash_buffer
d5a39653-bde7-46ac-82ac-e874a48f4d56,"=""Foo""","=""fd002124b00f25c485""","=""2026-03-20 20:06:00""","=""2026-03-20 20:05:29.628""","=""d83adde260d1""",202603202006,f4dv2,2,"","",[],4,"",0.0,0.0,0.0,3,25,3,flash_buffer
05bcde12-00a7-41ab-a575-b64e16eb4e04,"=""Foo""","=""fd002124b00f27d406""","=""2026-03-20 20:06:00""","=""2026-03-20 20:03:06.486""","=""d83adde260d1""",202603202006,f4dv2,2,"","",[],5,"",0.0,0.0,0.0,1,2,3,flash_buffer
b6593a48-892f-4bf2-abc5-1c0087eb401e,"=""Foo""","=""fd002124b00f27d406""","=""2026-03-20 20:06:00""","=""2026-03-20 20:04:09.725""","=""d83adde260d1""",202603202006,f4dv2,2,"","",[],5,"",0.0,0.0,0.0,2,11,3,flash_buffer
918c38cc-2d2c-4d0e-9a7d-f4c35b2577da,"=""Foo""","=""fd002124b00f27d406""","=""2026-03-20 20:06:00""","=""2026-03-20 20:05:19.089""","=""d83adde260d1""",202603202006,f4dv2,2,"","",[],5,"",0.0,0.0,0.0,3,22,3,flash_buffer
1e04ced6-a403-4416-958d-9e461c111ae5,"=""penman""","=""fd002124b001204bd42""","=""2026-03-20 20:06:00""","=""2026-03-20 20:03:05.126""","=""d83adde260d1""",202603202006,f4dv2,1,"","",[],1,"",0.0,0.0,0.0,1,1,3,flash_buffer
603032f0-ce83-4fcb-bcf0-caeb7133b606,"=""penman""","=""fd002124b001204bd42""","=""2026-03-20 20:06:00""","=""2026-03-20 20:04:10.236""","=""d83adde260d1""",202603202006,f4dv2,1,"","",[],1,"",0.0,0.0,0.0,2,12,3,flash_buffer
caee845e-0396-42ea-838b-eaf542c2cafa,"=""penman""","=""fd002124b001204bd42""","=""2026-03-20 20:06:00""","=""2026-03-20 20:05:18.406""","=""d83adde260d1""",202603202006,f4dv2,1,"","",[],1,"",0.0,0.0,0.0,3,21,3,flash_buffer
6c64e6ed-9c7f-4f3f-84a7-7d5ed054b54f,"=""penman""","=""fd002124b0012052a4f""","=""2026-03-20 20:06:00""","=""2026-03-20 20:03:08.696""","=""d83adde260d1""",202603202006,f4dv2,1,"","",[],2,"",0.0,0.0,0.0,1,3,3,flash_buffer
040e72b4-8b9c-4507-bf00-b94db9a2477b,"=""penman""","=""fd002124b0012052a4f""","=""2026-03-20 20:06:00""","=""2026-03-20 20:04:11.936""","=""d83adde260d1""",202603202006,f4dv2,1,"","",[],2,"",0.0,0.0,0.0,2,13,3,flash_buffer
6f54408e-564e-4f1c-8fb6-de3174fc9fe4,"=""penman""","=""fd002124b0012052a4f""","=""2026-03-20 20:06:00""","=""2026-03-20 20:05:21.126""","=""d83adde260d1""",202603202006,f4dv2,1,"","",[],2,"",0.0,0.0,0.0,3,23,3,flash_buffer
e81b39c3-49f4-4eaa-ae17-75c7d0be9baa,"=""penman""","=""fd002124b0012053108""","=""2026-03-20 20:06:00""","=""2026-03-20 20:03:25.016""","=""d83adde260d1""",202603202006,f4dv2,1,"","",[],3,"",0.0,0.0,0.0,1,6,3,flash_buffer
49add3ba-2c2a-483d-a57d-90c0584afc42,"=""penman""","=""fd002124b0012053108""","=""2026-03-20 20:06:00""","=""2026-03-20 20:04:31.659""","=""d83adde260d1""",202603202006,f4dv2,1,"","",[],3,"",0.0,0.0,0.0,2,16,3,flash_buffer
a1265517-4fe4-4d1b-ac34-eae4393dd7e8,"=""penman""","=""fd002124b0012053108""","=""2026-03-20 20:06:00""","=""2026-03-20 20:05:29.965""","=""d83adde260d1""",202603202006,f4dv2,1,"","",[],3,"",0.0,0.0,0.0,3,26,3,flash_buffer
4e1b5cc0-5a53-4af7-8d4b-e889db1732a9,"=""penman""","=""fd002124b0013246e01""","=""2026-03-20 20:06:00""","=""2026-03-20 20:03:24.506""","=""d83adde260d1""",202603202006,f4dv2,1,"","",[],4,"",0.0,0.0,0.0,1,5,3,flash_buffer
d331c1f1-1bf9-4638-9bda-dc6cf5dd9722,"=""penman""","=""fd002124b0013246e01""","=""2026-03-20 20:06:00""","=""2026-03-20 20:04:36.416""","=""d83adde260d1""",202603202006,f4dv2,1,"","",[],4,"",0.0,0.0,0.0,2,18,3,flash_buffer
c68590d3-950c-490f-83bc-59d732a0c065,"=""penman""","=""fd002124b0013246e01""","=""2026-03-20 20:06:00""","=""2026-03-20 20:05:46.968""","=""d83adde260d1""",202603202006,f4dv2,1,"","",[],4,"",0.0,0.0,0.0,3,28,3,flash_buffer
1655909f-1f78-4270-bb7a-6d7fc1042dd0,"=""penman""","=""fd002124b001324ff85""","=""2026-03-20 20:06:00""","=""2026-03-20 20:03:25.526""","=""d83adde260d1""",202603202006,f4dv2,1,"","",[],5,"",0.0,0.0,0.0,1,7,3,flash_buffer
e473edab-e36e-4f27-b22f-842d791478f4,"=""penman""","=""fd002124b001324ff85""","=""2026-03-20 20:06:00""","=""2026-03-20 20:04:35.906""","=""d83adde260d1""",202603202006,f4dv2,1,"","",[],5,"",0.0,0.0,0.0,2,17,3,flash_buffer
02c2b635-9e98-4d39-b073-aec11e9fee8d,"=""penman""","=""fd002124b001324ff85""","=""2026-03-20 20:06:00""","=""2026-03-20 20:05:42.035""","=""d83adde260d1""",202603202006,f4dv2,1,"","",[],5,"",0.0,0.0,0.0,3,27,3,flash_buffer
8ae44fa3-412c-4473-8659-4b861e9a6a76,"=""Foo""","=""fd002124b001665b700""","=""2026-03-20 20:09:00""","=""2026-03-20 20:06:50.208""","=""d83adde260d1""",202603202009,f4dv2,2,"","",[],1,"",0.0,0.0,0.0,1,8,2,flash_buffer
609b407e-4063-4cb6-a341-58eb4e59ff8e,"=""Foo""","=""fd002124b001665b700""","=""2026-03-20 20:09:00""","=""2026-03-20 20:08:01.774""","=""d83adde260d1""",202603202009,f4dv2,2,"","",[],1,"",0.0,0.0,0.0,2,19,2,flash_buffer
758b8b5f-de37-4e66-b4ab-fe0b9d75e8ba,"=""Foo""","=""fd002124b001665e500""","=""2026-03-20 20:09:00""","=""2026-03-20 20:06:38.305""","=""d83adde260d1""",202603202009,f4dv2,2,"","",[],2,"",0.0,0.0,0.0,1,5,3,flash_buffer
80466d95-0b63-4b95-94d2-a785fdabae99,"=""Foo""","=""fd002124b001665e500""","=""2026-03-20 20:09:00""","=""2026-03-20 20:07:49.874""","=""d83adde260d1""",202603202009,f4dv2,2,"","",[],2,"",0.0,0.0,0.0,2,17,3,flash_buffer
4f1e065d-60c0-4c94-a4cf-71ffb5d479ad,"=""Foo""","=""fd002124b001665e500""","=""2026-03-20 20:09:00""","=""2026-03-20 20:08:48.864""","=""d83adde260d1""",202603202009,f4dv2,2,"","",[],2,"",0.0,0.0,0.0,3,25,3,flash_buffer
ce186256-9958-4198-bdda-2fbc52f408cf,"=""Foo""","=""fd002124b00d6b2703""","=""2026-03-20 20:09:00""","=""2026-03-20 20:07:10.774""","=""d83adde260d1""",202603202009,f4dv2,2,"","",[],3,"",0.0,0.0,0.0,1,10,2,flash_buffer
38957d53-800d-4c87-9f94-cd2bfcffe0b9,"=""Foo""","=""fd002124b00d6b2703""","=""2026-03-20 20:09:00""","=""2026-03-20 20:08:13.334""","=""d83adde260d1""",202603202009,f4dv2,2,"","",[],3,"",0.0,0.0,0.0,2,20,2,flash_buffer
3fc668dd-f956-4c2b-8d10-87f1d8e585ac,"=""Foo""","=""fd002124b00f25c485""","=""2026-03-20 20:09:00""","=""2026-03-20 20:06:41.365""","=""d83adde260d1""",202603202009,f4dv2,2,"","",[],4,"",0.0,0.0,0.0,1,7,3,flash_buffer
40d71c08-af0f-4062-b52d-e6b3ce24ed37,"=""Foo""","=""fd002124b00f25c485""","=""2026-03-20 20:09:00""","=""2026-03-20 20:07:48.004""","=""d83adde260d1""",202603202009,f4dv2,2,"","",[],4,"",0.0,0.0,0.0,2,16,3,flash_buffer
d197676c-c79d-41ba-81e1-00458c24e009,"=""Foo""","=""fd002124b00f25c485""","=""2026-03-20 20:09:00""","=""2026-03-20 20:08:57.024""","=""d83adde260d1""",202603202009,f4dv2,2,"","",[],4,"",0.0,0.0,0.0,3,27,3,flash_buffer
e9b7c85d-6f0f-444d-9b70-ec68fff7fac0,"=""Foo""","=""fd002124b00f27d406""","=""2026-03-20 20:09:00""","=""2026-03-20 20:06:23.858""","=""d83adde260d1""",202603202009,f4dv2,2,"","",[],5,"",0.0,0.0,0.0,1,1,3,flash_buffer
89c5a448-5b2f-4058-a4d3-11a4fcccf1d9,"=""Foo""","=""fd002124b00f27d406""","=""2026-03-20 20:09:00""","=""2026-03-20 20:07:34.575""","=""d83adde260d1""",202603202009,f4dv2,2,"","",[],5,"",0.0,0.0,0.0,2,13,3,flash_buffer
c8b91f62-869a-4788-8108-fc3d7d12f571,"=""Foo""","=""fd002124b00f27d406""","=""2026-03-20 20:09:00""","=""2026-03-20 20:08:40.194""","=""d83adde260d1""",202603202009,f4dv2,2,"","",[],5,"",0.0,0.0,0.0,3,22,3,flash_buffer
b760553f-e5e8-489c-85e0-80c1a747a272,"=""penman""","=""fd002124b001204bd42""","=""2026-03-20 20:09:00""","=""2026-03-20 20:06:28.955""","=""d83adde260d1""",202603202009,f4dv2,1,"","",[],1,"",0.0,0.0,0.0,1,2,3,flash_buffer
8cb414e2-7b4c-490a-a831-4c62df697b0f,"=""penman""","=""fd002124b001204bd42""","=""2026-03-20 20:09:00""","=""2026-03-20 20:07:27.604""","=""d83adde260d1""",202603202009,f4dv2,1,"","",[],1,"",0.0,0.0,0.0,2,11,3,flash_buffer
e1fff530-4f0c-47cf-a5ef-66b04bba867e,"=""penman""","=""fd002124b001204bd42""","=""2026-03-20 20:09:00""","=""2026-03-20 20:08:28.464""","=""d83adde260d1""",202603202009,f4dv2,1,"","",[],1,"",0.0,0.0,0.0,3,21,3,flash_buffer
18307c3d-b91d-40c1-9391-46c26937608c,"=""penman""","=""fd002124b0012052a4f""","=""2026-03-20 20:09:00""","=""2026-03-20 20:06:32.356""","=""d83adde260d1""",202603202009,f4dv2,1,"","",[],2,"",0.0,0.0,0.0,1,3,3,flash_buffer
d52bc64a-dad0-4132-b986-2fddc180da3d,"=""penman""","=""fd002124b0012052a4f""","=""2026-03-20 20:09:00""","=""2026-03-20 20:07:29.645""","=""d83adde260d1""",202603202009,f4dv2,1,"","",[],2,"",0.0,0.0,0.0,2,12,3,flash_buffer
a6b0520f-f224-4792-a023-1d6cb3987822,"=""penman""","=""fd002124b0012052a4f""","=""2026-03-20 20:09:00""","=""2026-03-20 20:08:40.364""","=""d83adde260d1""",202603202009,f4dv2,1,"","",[],2,"",0.0,0.0,0.0,3,23,3,flash_buffer
b90a58c5-464f-47a7-abb6-8145b9211dd6,"=""penman""","=""fd002124b0012053108""","=""2026-03-20 20:09:00""","=""2026-03-20 20:06:37.115""","=""d83adde260d1""",202603202009,f4dv2,1,"","",[],3,"",0.0,0.0,0.0,1,4,3,flash_buffer
e34c01eb-e868-4fbf-9071-7d5dfda55000,"=""penman""","=""fd002124b0012053108""","=""2026-03-20 20:09:00""","=""2026-03-20 20:07:35.595""","=""d83adde260d1""",202603202009,f4dv2,1,"","",[],3,"",0.0,0.0,0.0,2,14,3,flash_buffer
59d0b9ea-7868-4fec-a82c-7c6b37116888,"=""penman""","=""fd002124b0012053108""","=""2026-03-20 20:09:00""","=""2026-03-20 20:08:42.064""","=""d83adde260d1""",202603202009,f4dv2,1,"","",[],3,"",0.0,0.0,0.0,3,24,3,flash_buffer
77d71dac-f012-4829-817c-fe59c73b2987,"=""penman""","=""fd002124b0013246e01""","=""2026-03-20 20:09:00""","=""2026-03-20 20:06:56.325""","=""d83adde260d1""",202603202009,f4dv2,1,"","",[],4,"",0.0,0.0,0.0,1,9,2,flash_buffer
622768d9-365c-4f99-8a34-995c87951c9b,"=""penman""","=""fd002124b0013246e01""","=""2026-03-20 20:09:00""","=""2026-03-20 20:08:00.924""","=""d83adde260d1""",202603202009,f4dv2,1,"","",[],4,"",0.0,0.0,0.0,2,18,2,flash_buffer
3f3e0165-aec0-4da6-b3bf-febc56f1a092,"=""penman""","=""fd002124b001324ff85""","=""2026-03-20 20:09:00""","=""2026-03-20 20:06:41.025""","=""d83adde260d1""",202603202009,f4dv2,1,"","",[],5,"",0.0,0.0,0.0,1,6,3,flash_buffer
791b6164-c454-4a1f-83ca-39c870f35258,"=""penman""","=""fd002124b001324ff85""","=""2026-03-20 20:09:00""","=""2026-03-20 20:07:45.794""","=""d83adde260d1""",202603202009,f4dv2,1,"","",[],5,"",0.0,0.0,0.0,2,15,3,flash_buffer
b94a6bc0-b3ed-4f4c-94f2-29d8c1210b4b,"=""penman""","=""fd002124b001324ff85""","=""2026-03-20 20:09:00""","=""2026-03-20 20:08:54.474""","=""d83adde260d1""",202603202009,f4dv2,1,"","",[],5,"",0.0,0.0,0.0,3,26,3,flash_buffer
